INSERT INTO `PERMISSIONS` VALUES ('00000000000000000000000000000001','PM_LOGIN','2007-08-03 12:24:36','2007-08-03 12:24:36',1),('00000000000000000000000000000002','PM_SETUP','2007-08-03 12:24:36','2007-08-03 12:24:36',1),('00000000000000000000000000000003','PM_USERS','2007-08-03 12:24:36','2007-08-03 12:24:36',1),('00000000000000000000000000000004','PM_FACTORY','2007-08-03 12:24:36','2007-08-03 12:24:36',1),('00000000000000000000000000000005','PM_CASES','2007-08-03 12:24:36','2007-08-03 12:24:36',1);
INSERT INTO `ROLES` VALUES ('00000000000000000000000000000001','','00000000000000000000000000000001','RBAC_ADMIN','2007-07-31 19:10:22','2007-08-03 12:24:36',1),('00000000000000000000000000000002','','00000000000000000000000000000002','PROCESSMAKER_ADMIN','2007-07-31 19:10:22','2007-08-03 12:24:36',1),('00000000000000000000000000000003','','00000000000000000000000000000002','PROCESSMAKER_OPERATOR','2007-07-31 19:10:22','2007-08-03 12:24:36',1);
INSERT INTO `ROLES_PERMISSIONS` VALUES ('00000000000000000000000000000002','00000000000000000000000000000001'),('00000000000000000000000000000002','00000000000000000000000000000002'),('00000000000000000000000000000002','00000000000000000000000000000003'),('00000000000000000000000000000002','00000000000000000000000000000004'),('00000000000000000000000000000002','00000000000000000000000000000005'),('00000000000000000000000000000003','00000000000000000000000000000001'),('00000000000000000000000000000003','00000000000000000000000000000005');
INSERT INTO `SYSTEMS` VALUES ('00000000000000000000000000000001','RBAC','2007-07-31 19:10:22','2007-08-03 12:24:36',1),('00000000000000000000000000000002','PROCESSMAKER','2007-07-31 19:10:22','2007-08-03 12:24:36',1);
INSERT INTO `USERS` VALUES ('00000000000000000000000000000001','admin','21232f297a57a5a743894a0e4a801fc3','Administrator','','admin@processmaker.com','2020-01-01','2007-08-03 12:24:36','2008-02-13 07:24:07',1);
INSERT INTO `USERS_ROLES` VALUES ('00000000000000000000000000000001','00000000000000000000000000000002');
